{
	"neutral" : 	{
		"TextMessage" : [ " ", 0 ],
		"Foreground" : [ 0, 0 ],
		"Background" : 0,
		"HeadRotate" : [ 0, 0, 0, 0.0 ],
		"HeadRelRotate" : [ 0, 0, 0, 0.0 ],
		"HeadOffset" : [ 0, 0, 0, 0.0 ],
		"HeadConstraint" : 1.0,
		"HeadBrown" : [ 0, 0, 0, 0.0 ],
		"ArmRightUpperRotate" : [ 0, 0, 0, 0.0 ],
		"ArmRightUpperRelRotate" : [ 0, 0, 0, 0.0 ],
		"Spot2Power" : [ 0.0, 0.0 ],
		"Spot1Power" : [ 0.0, 0.0 ],
		"CamDOF" : [ 20.0, 0.0 ],
		"CamAmbient" : [ 150, 150, 150, 0.0 ],
		"Spot2Pos" : [ 0, 0, 0, 0.0 ],
		"Spot1Pos" : [ 0, 0, 0, 0.0 ],
		"Spot2Color" : [ 0, 0, 0, 0.0 ],
		"Spot1Color" : [ 0, 0, 0, 0.0 ],
		"CamSpotPower" : [ 0.4, 0.0 ],
		"CamSpotlight" : [ 255, 255, 255, 0.0 ],
		"CamRoll" : [ 127, 0.0 ],
		"CamAt" : [ 0, 0, 0, 0.0 ],
		"CamFrom" : [ 0, 0, 12, 0.0 ],
		"TorsoLowerBrown" : [ 0, 0, 0, 0.0 ],
		"TorsoUpperBrown" : [ 0, 0, 0, 0.0 ],
		"TorsoLowerConstraint" : 1.0,
		"TorsoUpperConstraint" : 1.0,
		"TorsoLowerOffset" : [ 0, 0, 0, 0.0 ],
		"TorsoUpperOffset" : [ 0, 0, 0, 0.0 ],
		"TorsoLowerRelRotate" : [ 0, 0, 0, 0.0 ],
		"TorsoUpperRelRotate" : [ 0, 0, 0, 0.0 ],
		"TorsoLowerRotate" : [ 0, 0, 0, 0.0 ],
		"TorsoUpperRotate" : [ 0, 0, 0, 0.0 ],
		"FootRightBrown" : [ 0, 0, 0, 0.0 ],
		"LegRightLowerBrown" : [ 0, 0, 0, 0.0 ],
		"LegRightUpperBrown" : [ 0, 0, 0, 0.0 ],
		"FootLeftBrown" : [ 0, 0, 0, 0.0 ],
		"LegLeftLowerBrown" : [ 0, 0, 0, 0.0 ],
		"LegLeftUpperBrown" : [ 0, 0, 0, 0.0 ],
		"FootRightConstraint" : 1.0,
		"LegRightLowerConstraint" : 1.0,
		"LegRightUpperConstraint" : 1.0,
		"FootLeftConstraint" : 1.0,
		"LegLeftLowerConstraint" : 1.0,
		"LegLeftUpperConstraint" : 1.0,
		"FootRightOffset" : [ 0, 0, 0, 0.0 ],
		"LegRightLowerOffset" : [ 0, 0, 0, 0.0 ],
		"LegRightUpperOffset" : [ 0, 0, 0, 0.0 ],
		"FootRightRelRotate" : [ 0, 0, 0, 0.0 ],
		"LegRightLowerRelRotate" : [ 0, 0, 0, 0.0 ],
		"LegRightUpperRelRotate" : [ 0, 0, 0, 0.0 ],
		"FootRightRotate" : [ 0, 0, 0, 0.0 ],
		"LegRightLowerRotate" : [ 0, 0, 0, 0.0 ],
		"LegRightUpperRotate" : [ 0, 0, 0, 0.0 ],
		"FootLeftOffset" : [ 0, 0, 0, 0.0 ],
		"LegLeftLowerOffset" : [ 0, 0, 0, 0.0 ],
		"LegLeftUpperOffset" : [ 0, 0, 0, 0.0 ],
		"FootLeftRelRotate" : [ 0, 0, 0, 0.0 ],
		"LegLeftLowerRelRotate" : [ 0, 0, 0, 0.0 ],
		"LegLeftUpperRelRotate" : [ 0, 0, 0, 0.0 ],
		"FootLeftRotate" : [ 0, 0, 0, 0.0 ],
		"LegLeftLowerRotate" : [ 0, 0, 0, 0.0 ],
		"LegLeftUpperRotate" : [ 0, 0, 0, 0.0 ],
		"HandRightBrown" : [ 0, 0, 0, 0.0 ],
		"ArmRightLowerBrown" : [ 0, 0, 0, 0.0 ],
		"ArmRightUpperBrown" : [ 0, 0, 0, 0.0 ],
		"HandLeftBrown" : [ 0, 0, 0, 0.0 ],
		"ArmLeftLowerBrown" : [ 0, 0, 0, 0.0 ],
		"ArmLeftUpperBrown" : [ 0, 0, 0, 0.0 ],
		"HandRightConstraint" : 1.0,
		"ArmRightLowerConstraint" : 1.0,
		"ArmRightUpperConstraint" : 1.0,
		"HandLeftConstraint" : 1.0,
		"ArmLeftLowerConstraint" : 1.0,
		"ArmLeftUpperConstraint" : 1.0,
		"HandRightOffset" : [ 0, 0, 0, 0.0 ],
		"ArmRightLowerOffset" : [ 0, 0, 0, 0.0 ],
		"ArmRightUpperOffset" : [ 0, 0, 0, 0.0 ],
		"HandRightRelRotate" : [ 0, 0, 0, 0.0 ],
		"ArmRightLowerRelRotate" : [ 0, 0, 0, 0.0 ],
		"HandRightRotate" : [ 0, 0, 0, 0.0 ],
		"ArmRightLowerRotate" : [ 0, 0, 0, 0.0 ],
		"HandLeftOffset" : [ 0, 0, 0, 0.0 ],
		"ArmLeftLowerOffset" : [ 0, 0, 0, 0.0 ],
		"ArmLeftUpperOffset" : [ 0, 0, 0, 0.0 ],
		"HandLeftRelRotate" : [ 0, 0, 0, 0.0 ],
		"ArmLeftLowerRelRotate" : [ 0, 0, 0, 0.0 ],
		"ArmLeftUpperRelRotate" : [ 0, 0, 0, 0.0 ],
		"HandLeftRotate" : [ 0, 0, 0, 0.0 ],
		"ArmLeftLowerRotate" : [ 0, 0, 0, 0.0 ],
		"ArmLeftUpperRotate" : [ 0, 0, 0, 0.0 ]
	}
,
	"demo" : 	{
		"HeadRotate" : [ 105, -73, 125, 0.0 ],
		"HeadRelRotate" : [ 0, 0, 0, 0.0 ],
		"HeadOffset" : [ 0, 0, 0, 0.0 ],
		"HeadConstraint" : 1.0,
		"HeadBrown" : [ 0, 0, 0, 0.0 ],
		"TextMessage" : [ "demo pose", 255 ],
		"TorsoLowerRotate" : [ -53, 123, 96, 0.0 ],
		"TorsoLowerRelRotate" : [ 0, 0, 0, 0.0 ],
		"TorsoLowerOffset" : [ 0, 0, 0, 0.0 ],
		"TorsoLowerConstraint" : 1.0,
		"TorsoLowerBrown" : [ 0, 0, 0, 0.0 ],
		"CamFrom" : [ 0, 0, 13, 0.0 ],
		"CamAt" : [ 1, 1, 0, 0.0 ],
		"CamRoll" : [ 127, 0.0 ],
		"Background" : 2,
		"FootRightRotate" : [ 41, -111, -94, 0.0 ],
		"LegRightLowerRotate" : [ -127, -124, 120, 0.0 ],
		"LegRightUpperRotate" : [ -64, -75, -80, 0.0 ],
		"FootLeftRotate" : [ -115, 107, -25, 0.0 ],
		"LegLeftLowerRotate" : [ 51, 5, 117, 0.0 ],
		"LegLeftUpperRotate" : [ 44, 93, 76, 0.0 ],
		"TorsoUpperRotate" : [ -54, 41, -49, 0.0 ],
		"HandRightRotate" : [ 25, 47, -100, 0.0 ],
		"ArmRightLowerRotate" : [ -40, -21, 122, 0.0 ],
		"ArmRightUpperRotate" : [ -127, 29, 23, 0.0 ],
		"HandLeftRotate" : [ 27, -2, -83, 0.0 ],
		"ArmLeftLowerRotate" : [ 92, -114, -19, 0.0 ],
		"ArmLeftUpperRotate" : [ 112, -13, 85, 0.0 ],
		"FootLeftConstraint" : 1.0,
		"LegLeftLowerConstraint" : 1.0,
		"LegLeftUpperConstraint" : 1.0,
		"FootRightConstraint" : 1.0,
		"LegRightLowerConstraint" : 1.0,
		"LegRightUpperConstraint" : 1.0,
		"HandLeftConstraint" : 1.0,
		"ArmLeftLowerConstraint" : 1.0,
		"ArmLeftUpperConstraint" : 1.0,
		"HandRightConstraint" : 1.0,
		"ArmRightLowerConstraint" : 1.0,
		"ArmRightUpperConstraint" : 1.0,
		"TorsoUpperConstraint" : 1.0,
		"CamAmbient" : [ 27, 27, 27, 0.0 ]
	}
,
	"demo2" : 	{
		"Foreground" : [ 0, 0 ],
		"Background" : 2,
		"TextMessage" : [ "demo twee", 204 ],
		"ArmRightUpperRotate" : [ 114, 87, -24, 0.0 ],
		"ArmRightLowerRotate" : [ 58, -120, 40, 0.0 ],
		"HandRightRotate" : [ -122, -92, -53, 0.0 ],
		"ArmRightLowerConstraint" : 1.0,
		"ArmLeftUpperRotate" : [ -3, 70, -73, 0.0 ],
		"ArmRightLowerRelRotate" : [ 0, 0, 0, 0.0 ],
		"HandRightConstraint" : 1.0,
		"ArmLeftLowerRotate" : [ 126, 76, -16, 0.0 ],
		"HandLeftRotate" : [ 120, 13, 11, 0.0 ],
		"ArmRightUpperRelRotate" : [ 0, 0, 0, 0.0 ],
		"HandLeftConstraint" : 1.0,
		"HandLeftOffset" : [ 0, 0, 0, 0.0 ],
		"HandLeftBrown" : [ 7, 0, 0, 0.0 ],
		"HandLeftRelRotate" : [ 0, 0, 0, 0.0 ],
		"ArmLeftLowerConstraint" : 1.0,
		"ArmLeftLowerOffset" : [ 0, 0, 0, 0.0 ],
		"ArmLeftLowerBrown" : [ 7, 0, 0, 0.0 ],
		"ArmLeftLowerRelRotate" : [ 0, 0, 0, 0.0 ],
		"ArmLeftUpperConstraint" : 1.0,
		"ArmLeftUpperOffset" : [ 0, 0, 0, 0.0 ],
		"ArmLeftUpperBrown" : [ 7, 0, 0, 0.0 ],
		"ArmLeftUpperRelRotate" : [ 0, 0, 0, 0.0 ],
		"FootLeftRotate" : [ 94, -22, -98, 0.0 ],
		"FootLeftConstraint" : 1.0,
		"FootLeftOffset" : [ 0, 0, 0, 0.0 ],
		"FootLeftBrown" : [ 7, 0, 0, 0.0 ],
		"FootLeftRelRotate" : [ 0, 0, 0, 0.0 ],
		"LegLeftLowerRotate" : [ -42, 127, 50, 0.0 ],
		"LegLeftLowerConstraint" : 1.0,
		"LegLeftLowerOffset" : [ 0, 0, 0, 0.0 ],
		"LegLeftLowerBrown" : [ 7, 0, 0, 0.0 ],
		"LegLeftLowerRelRotate" : [ 0, 0, 0, 0.0 ],
		"LegLeftUpperRotate" : [ -1, -60, 121, 0.0 ],
		"LegLeftUpperConstraint" : 1.0,
		"LegLeftUpperOffset" : [ 0, 0, 0, 0.0 ],
		"LegLeftUpperBrown" : [ 7, 0, 0, 0.0 ],
		"LegLeftUpperRelRotate" : [ 0, 0, 0, 0.0 ],
		"HandRightOffset" : [ 0, 0, 0, 0.0 ],
		"HandRightBrown" : [ 7, 0, 0, 0.0 ],
		"HandRightRelRotate" : [ 0, 0, 0, 0.0 ],
		"ArmRightLowerOffset" : [ 0, 0, 0, 0.0 ],
		"ArmRightLowerBrown" : [ 7, 0, 0, 0.0 ],
		"ArmRightUpperConstraint" : 1.0,
		"ArmRightUpperOffset" : [ 0, 0, 0, 0.0 ],
		"ArmRightUpperBrown" : [ 7, 0, 0, 0.0 ],
		"FootRightRotate" : [ -95, -34, 111, 0.0 ],
		"FootRightConstraint" : 1.0,
		"FootRightOffset" : [ 0, 0, 0, 0.0 ],
		"FootRightBrown" : [ 7, 0, 0, 0.0 ],
		"FootRightRelRotate" : [ 0, 0, 0, 0.0 ],
		"LegRightLowerRotate" : [ -16, -52, 71, 0.0 ],
		"LegRightLowerConstraint" : 1.0,
		"LegRightLowerOffset" : [ 0, 0, 0, 0.0 ],
		"LegRightLowerBrown" : [ 7, 0, 0, 0.0 ],
		"LegRightLowerRelRotate" : [ 0, 0, 0, 0.0 ],
		"LegRightUpperRotate" : [ 110, 85, -57, 0.0 ],
		"LegRightUpperConstraint" : 1.0,
		"LegRightUpperOffset" : [ 0, 0, 0, 0.0 ],
		"LegRightUpperBrown" : [ 7, 0, 0, 0.0 ],
		"LegRightUpperRelRotate" : [ 7, -3, 0, 0.0 ],
		"TorsoLowerRotate" : [ 114, -123, -23, 0.0 ],
		"TorsoLowerConstraint" : 1.0,
		"TorsoLowerOffset" : [ 0, 0, 0, 0.0 ],
		"TorsoLowerBrown" : [ 7, 0, 0, 0.0 ],
		"TorsoLowerRelRotate" : [ 0, 0, 0, 0.0 ],
		"TorsoUpperRotate" : [ 68, 48, -29, 0.0 ],
		"TorsoUpperConstraint" : 1.0,
		"TorsoUpperOffset" : [ 0, 0, 0, 0.0 ],
		"TorsoUpperBrown" : [ 7, 0, 0, 0.0 ],
		"TorsoUpperRelRotate" : [ 0, 0, 0, 0.0 ],
		"HeadRotate" : [ 19, 23, 26, 0.0 ],
		"HeadConstraint" : 1.0,
		"HeadOffset" : [ 0, 0, 0, 0.0 ],
		"HeadBrown" : [ 7, 0, 0, 0.0 ],
		"HeadRelRotate" : [ 0, 0, 0, 0.0 ],
		"Spot2Power" : [ 0.0, 0.0 ],
		"Spot1Power" : [ 0.0, 0.0 ],
		"CamDOF" : [ 20.0, 0.0 ],
		"CamAmbient" : [ 21, 21, 21, 0.0 ],
		"Spot2Pos" : [ 0, 0, 0, 0.0 ],
		"Spot1Pos" : [ 0, 0, 0, 0.0 ],
		"Spot2Color" : [ 0, 0, 0, 0.0 ],
		"Spot1Color" : [ 0, 0, 0, 0.0 ],
		"CamSpotPower" : [ 0.679325, 0.0 ],
		"CamSpotlight" : [ 161, 161, 161, 0.0 ],
		"CamRoll" : [ 127, 0.0 ],
		"CamAt" : [ 0, 0, 0, 0.0 ],
		"CamFrom" : [ 0, 0, 12, 0.0 ]
	}
,
	"demo3" : 	{
		"FootLeftOffset" : [ 0, -6, -5, 0.0 ],
		"LegLeftLowerOffset" : [ 0, 2, 0, 0.0 ],
		"LegLeftUpperOffset" : [ 0, -10, -10, 0.0 ],
		"FootRightOffset" : [ 0, 6, -5, 0.0 ],
		"LegRightLowerOffset" : [ 0, 2, -3, 0.0 ],
		"LegRightUpperOffset" : [ 0, 3, 4, 0.0 ],
		"HandLeftOffset" : [ 0, -10, 4, 0.0 ],
		"ArmLeftLowerOffset" : [ 0, -2, 0, 0.0 ],
		"ArmLeftUpperOffset" : [ 0, 8, 3, 0.0 ],
		"HandRightOffset" : [ 0, -1, 9, 0.0 ],
		"ArmRightLowerOffset" : [ 0, -2, 9, 0.0 ],
		"ArmRightUpperOffset" : [ 0, -2, 11, 0.0 ],
		"TorsoLowerOffset" : [ 0, 5, -10, 0.0 ],
		"TorsoUpperOffset" : [ 0, -3, 5, 0.0 ],
		"HeadOffset" : [ 0, 9, -7, 0.0 ],
		"FootLeftConstraint" : 1.0,
		"LegLeftLowerConstraint" : 1.0,
		"LegLeftUpperConstraint" : 1.0,
		"FootRightConstraint" : 1.0,
		"LegRightLowerConstraint" : 1.0,
		"LegRightUpperConstraint" : 1.0,
		"HandLeftConstraint" : 1.0,
		"ArmLeftLowerConstraint" : 1.0,
		"ArmLeftUpperConstraint" : 1.0,
		"HandRightConstraint" : 1.0,
		"ArmRightLowerConstraint" : 1.0,
		"ArmRightUpperConstraint" : 1.0,
		"TorsoLowerConstraint" : 1.0,
		"TorsoUpperConstraint" : 1.0,
		"HeadConstraint" : 1.0,
		"Background" : 1,
		"CamSpotlight" : [ 80, 80, 80, 0.0 ],
		"Spot1Pos" : [ -25, 0, 43, 0.0 ],
		"Spot1Color" : [ 71, 71, 71, 0.0 ],
		"Spot1Power" : [ 5.757576, 0.0 ],
		"TextMessage" : [ "\"demo drie\"", 204 ]
	}

}
